<?xml version="1.0" encoding="UTF-8"?>
<decorators defaultdir="/decorator">
	<decorator name="decorator" page="view.jsp">
		 <pattern>/views/display/*</pattern> 
		 <pattern>/views/account/*</pattern> 
		 <pattern>/views/member/*</pattern> 
	</decorator>
	<decorator name="decorator_admin" page="view_admin.jsp">
		<pattern>/views/admin/*</pattern>
	</decorator>

	<excludes>
		<pattern>/views/member/confirm2.*</pattern>
		<pattern>/views/account/listSearch.*</pattern>
	</excludes>
	
</decorators>